<?xml version="1.0" encoding="utf-8" standalone="yes"?>
<ModMetaData>
	<name>[JWL] Atmospheric Water Processor</name>
	<author>Jewels</author>
	<packageId>jwl.atmosphericwaterprocessor</packageId>
	<supportedVersions>
		<li>1.3</li>
	</supportedVersions>
	<modDependencies>
		<li>
			<packageId>brrainz.harmony</packageId>
			<displayName>Harmony</displayName>
			<steamWorkshopUrl>steam://url/CommunityFilePage/2009463077</steamWorkshopUrl>
		</li>
		<li>
			<packageId>Dubwise.DubsBadHygiene</packageId>
			<displayName>Dubs Bad Hygiene</displayName>
			<steamWorkshopUrl>steam://url/CommunityFilePage/836308268</steamWorkshopUrl>
		</li>
	</modDependencies>
	<loadAfter>
		<li>brrainz.harmony</li>      
		<li>Dubwise.DubsBadHygiene</li>
		<li>Owlchemist.SimpleFX.Smoke2</li>
	</loadAfter>
	<description>Means of producing water in space. All credit goes to OptimusPrimordial and Taranchuk for supplying the script to run this.</description>
</ModMetaData>